distance_m,centroid_x_m,centroid_z_m,sigma_x_m,sigma_z_m,gaussian_equivalent_fwhm_x_m,gaussian_equivalent_fwhm_z_m,total_weight,effective_weighted_rays
0.38596762111033417,-2.2758952541347905e-06,-8.329733346739926e-07,0.0002574519133999456,9.957372098184785e-05,0.0006062529263057639,0.00023447819412637414,4056.763350927461,8074.606644367102
0.3885407385844031,-2.229254619106754e-06,-8.416256524874156e-07,0.0002526704552311175,9.957365888227341e-05,0.0005949934527653306,0.00023447804789305146,4056.763350927461,8074.606644367102
0.39111385605847193,-2.1826139840787203e-06,-8.50277970300839e-07,0.00024790468406879447,9.957359759959027e-05,0.0005837709193022619,0.0002344779035833608,4056.763350927461,8074.606644367102
0.39368697353254084,-2.135973349050686e-06,-8.58930288114262e-07,0.00024315552229579112,9.957353713379995e-05,0.0005725874979620988,0.0002344777611973057,4056.763350927461,8074.606644367102
0.39626009100660975,-2.0893327140226504e-06,-8.675826059276859e-07,0.00023842396244037772,9.957347748490386e-05,0.0005614455259703076,0.00023447762073488954,4056.763350927461,8074.606644367102
0.39883320848067866,-2.0426920789946143e-06,-8.762349237411092e-07,0.00023371107357535262,9.957341865290355e-05,0.0005503475208009434,0.0002344774821961159,4056.763350927461,8074.606644367102
0.4014063259547475,-1.996051443966582e-06,-8.848872415545323e-07,0.0002290180083767622,9.957336063780047e-05,0.0005392961967986655,0.00023447734558098825,4056.763350927461,8074.606644367102
0.4039794434288164,-1.9494108089385457e-06,-8.935395593679554e-07,0.00022434601091420148,9.957330343959599e-05,0.0005282944835234938,0.00023447721088950982,4056.763350927461,8074.606644367102
0.40655256090288533,-1.9027701739105123e-06,-9.021918771813788e-07,0.0002196964252520121,9.957324705829158e-05,0.0005173455460050818,0.00023447707812168403,4056.763350927461,8074.606644367102
0.40912567837695424,-1.8561295388824759e-06,-9.10844194994802e-07,0.0002150707049485177,9.957319149388854e-05,0.0005064528071117065,0.00023447694727751395,4056.763350927461,8074.606644367102
0.4116987958510231,-1.8094889038544422e-06,-9.194965128082252e-07,0.00021047042354861492,9.957313674638835e-05,0.0004956199722584324,0.00023447681835700308,4056.763350927461,8074.606644367102
0.414271913325092,-1.7628482688264048e-06,-9.281488306216491e-07,0.0002058972861733633,9.95730828157923e-05,0.0004848510566985096,0.00023447669136015446,4056.763350927461,8074.606644367102
0.4168450307991609,-1.7162076337983726e-06,-9.368011484350723e-07,0.0002013531423184647,9.957302970210173e-05,0.00047415041566149015,0.00023447656628697126,4056.763350927461,8074.606644367102
0.41941814827322976,-1.6695669987703364e-06,-9.454534662484953e-07,0.00019683999998126788,9.957297740531791e-05,0.0004635227776197813,0.00023447644313745643,4056.763350927461,8074.606644367102
0.42199126574729867,-1.6229263637423026e-06,-9.541057840619187e-07,0.00019236004124264657,9.957292592544217e-05,0.00045297328098116424,0.0002344763219116131,4056.763350927461,8074.606644367102
0.4245643832213676,-1.5762857287142666e-06,-9.627581018753417e-07,0.00018791563943499056,9.957287526247575e-05,0.0004425075145163241,0.00023447620260944426,4056.763350927461,8074.606644367102
0.4271375006954365,-1.5296450936862315e-06,-9.714104196887652e-07,0.00018350937802954817,9.957282541641992e-05,0.00043213156183514214,0.0002344760852309528,4056.763350927461,8074.606644367102
0.42971061816950534,-1.483004458658199e-06,-9.800627375021889e-07,0.0001791440713740296,9.957277638727587e-05,0.00042185205022002,0.0002344759697761416,4056.763350927461,8074.606644367102
0.43228373564357425,-1.4363638236301619e-06,-9.887150553156123e-07,0.00017482278740277746,9.957272817504488e-05,0.0004116762041042445,0.00023447585624501366,4056.763350927461,8074.606644367102
0.43485685311764316,-1.3897231886021274e-06,-9.973673731290356e-07,0.00017054887242439214,9.957268077972804e-05,0.0004016119034423847,0.00023447574463757154,4056.763350927461,8074.606644367102
0.43742997059171207,-1.343082553574091e-06,-1.0060196909424587e-06,0.00016632597806214155,9.957263420132657e-05,0.0003916677471501089,0.0002344756349538181,4056.763350927461,8074.606644367102
0.4400030880657809,-1.296441918546058e-06,-1.0146720087558824e-06,0.00016215809037653956,9.957258843984164e-05,0.0003818531216826156,0.00023447552719375606,4056.763350927461,8074.606644367102
0.44257620553984983,-1.2498012835180233e-06,-1.0233243265693054e-06,0.00015804956113177115,9.95725434952743e-05,0.00037217827466143913,0.000234475421357388,4056.763350927461,8074.606644367102
0.44514932301391874,-1.203160648489986e-06,-1.0319766443827287e-06,0.0001540051410715451,9.957249936762577e-05,0.0003626543932330935,0.0002344753174447167,4056.763350927461,8074.606644367102
0.4477224404879876,-1.1565200134619524e-06,-1.040628962196152e-06,0.00015003001493744218,9.957245605689704e-05,0.0003532936865309816,0.00023447521545574452,4056.763350927461,8074.606644367102
0.4502955579620565,-1.1098793784339181e-06,-1.0492812800095758e-06,0.00014612983778453066,9.957241356308918e-05,0.0003441094711921338,0.00023447511539047397,4056.763350927461,8074.606644367102
0.4528686754361254,-1.0632387434058839e-06,-1.057933597822999e-06,0.00014231077191442296,9.957237188620331e-05,0.00033511625832791065,0.00023447501724890773,4056.763350927461,8074.606644367102
0.45544179291019427,-1.0165981083778487e-06,-1.066585915636422e-06,0.000138579523444,9.957233102624041e-05,0.0003263298396367676,0.00023447492103104804,4056.763350927461,8074.606644367102
0.4580149103842632,-9.699574733498132e-07,-1.0752382334498452e-06,0.00013494337714832437,9.957229098320144e-05,0.00031776736945304557,0.0002344748267368972,4056.763350927461,8074.606644367102
0.4605880278583321,-9.233168383217783e-07,-1.0838905512632693e-06,0.00013141022775098294,9.957225175708743e-05,0.00030944743843009694,0.00023447473436645765,4056.763350927461,8074.606644367102
0.463161145332401,-8.76676203293743e-07,-1.0925428690766924e-06,0.0001279886052821776,9.95722133478994e-05,0.00030139013325402583,0.00023447464391973175,4056.763350927461,8074.606644367102
0.4657342628064699,-8.300355682657071e-07,-1.1011951868901156e-06,0.0001246876914925064,9.957217575563817e-05,0.00029361707529518906,0.00023447455539672146,4056.763350927461,8074.606644367102
0.46830738028053875,-7.833949332376727e-07,-1.109847504703539e-06,0.0001215173236231172,9.957213898030479e-05,0.0002861514294862293,0.00023447446879742927,4056.763350927461,8074.606644367102
0.47088049775460766,-7.367542982096391e-07,-1.1184998225169626e-06,0.00011848798113927793,9.957210302190008e-05,0.00027901787308202074,0.00023447438412185708,4056.763350927461,8074.606644367102
0.47345361522867657,-6.901136631816019e-07,-1.1271521403303852e-06,0.0001156107504150886,9.957206788042497e-05,0.0002722425124985208,0.00023447430137000708,4056.763350927461,8074.606644367102
0.4760267327027454,-6.43473028153569e-07,-1.1358044581438091e-06,0.00011289726193207473,9.957203355588031e-05,0.0002658527354267591,0.00023447422054188128,4056.763350927461,8074.606644367102
0.47859985017681433,-5.968323931255336e-07,-1.1444567759572317e-06,0.0001103595944860283,9.957200004826692e-05,0.00025987698525718647,0.0002344741416374816,4056.763350927461,8074.606644367102
0.48117296765088324,-5.501917580974985e-07,-1.1531090937706556e-06,0.00010801014138322042,9.957196735758564e-05,0.00025434444599583433,0.00023447406465681002,4056.763350927461,8074.606644367102
0.4837460851249521,-5.03551123069465e-07,-1.161761411584078e-06,0.00010586143486306743,9.957193548383733e-05,0.00024928462881128934,0.0002344739895998686,4056.763350927461,8074.606644367102
0.486319202599021,-4.569104880414295e-07,-1.1704137293975017e-06,0.00010392592719842927,9.957190442702272e-05,0.0002447268565652884,0.00023447391646665903,4056.763350927461,8074.606644367102
0.4888923200730899,-4.102698530133947e-07,-1.1790660472109254e-06,0.00010221573019834329,9.957187418714257e-05,0.0002406996503885341,0.00023447384525718308,4056.763350927461,8074.606644367102
0.4914654375471588,-3.6362921798535793e-07,-1.1877183650243485e-06,0.0001007423191069639,9.957184476419765e-05,0.000237230032415983,0.0002344737759714426,4056.763350927461,8074.606644367102
0.49403855502122773,-3.16988582957324e-07,-1.196370682837772e-06,9.951621185143514e-05,9.957181615818868e-05,0.000234342770473306,0.00023447370860943926,4056.763350927461,8074.606644367102
0.4966116724952966,-2.7034794792928953e-07,-1.2050230006511944e-06,9.854663965154595e-05,9.957178836911634e-05,0.00023205960242190217,0.0002344736431711747,4056.763350927461,8074.606644367102
0.4991847899693655,-2.2370731290125386e-07,-1.2136753184646187e-06,9.784122932130972e-05,9.957176139698135e-05,0.00023039848803629,0.00023447357965665058,4056.763350927461,8074.606644367102
0.5017579074434344,-1.7706667787321931e-07,-1.2223276362780415e-06,9.740572019517194e-05,9.957173524178435e-05,0.00022937294241626684,0.00023447351806586838,4056.763350927461,8074.606644367102
0.5043310249175033,-1.3042604284518446e-07,-1.230979954091465e-06,9.724373862371132e-05,9.957170990352598e-05,0.00022899150496486577,0.00023447345839882965,4056.763350927461,8074.606644367102
0.5069041423915722,-8.378540781714801e-08,-1.2396322719048891e-06,9.735664989837511e-05,9.957168538220685e-05,0.00022925739069775406,0.00023447340065553586,4056.763350927461,8074.606644367102
0.5094772598656411,-3.714477278911463e-08,-1.248284589718312e-06,9.774350137218548e-05,9.957166167782761e-05,0.00023016835630273249,0.00023447334483598848,4056.763350927461,8074.606644367102
0.5120503773397099,9.49586223891981e-09,-1.2569369075317346e-06,9.840106221324855e-05,9.957163879038879e-05,0.0002317167937520952,0.00023447329094018876,4056.763350927461,8074.606644367102
0.5146234948137789,5.613649726695656e-08,-1.265589225345159e-06,9.93239559826246e-05,9.957161671989102e-05,0.00023389004249965608,0.00023447323896813818,4056.763350927461,8074.606644367102
0.5171966122878477,1.0277713229499009e-07,-1.2742415431585818e-06,0.00010050487362572336,9.957159546633478e-05,0.00023667089103715576,0.00023447318891983793,4056.763350927461,8074.606644367102
0.5197697297619166,1.4941776732302496e-07,-1.2828938609720046e-06,0.00010193484789878501,9.957157502972064e-05,0.0002400382231192399,0.00023447314079528932,4056.763350927461,8074.606644367102
0.5223428472359856,1.9605840235106016e-07,-1.2915461787854285e-06,0.00010360356660325844,9.957155541004907e-05,0.000243967755374052,0.00023447309459449341,4056.763350927461,8074.606644367102
0.5249159647100544,2.4269903737909433e-07,-1.3001984965988522e-06,0.00010549970148215923,9.957153660732055e-05,0.0002484328117949699,0.0002344730503174514,4056.763350927461,8074.606644367102
0.5274890821841234,2.8933967240713184e-07,-1.308850814412275e-06,0.00010761123182955937,9.957151862153558e-05,0.00025340508578271893,0.00023447300796416442,4056.763350927461,8074.606644367102
0.5300621996581922,3.3598030743516606e-07,-1.3175031322256987e-06,0.00010992574594728551,9.957150145269458e-05,0.00025885535002164757,0.0002344729675346335,4056.763350927461,8074.606644367102
0.5326353171322611,3.8262094246320113e-07,-1.3261554500391216e-06,0.00011243070857822022,9.957148510079795e-05,0.00026475408623702606,0.00023447292902885954,4056.763350927461,8074.606644367102
0.5352084346063299,4.2926157749123593e-07,-1.3348077678525444e-06,0.00011511368747406088,9.957146956584615e-05,0.00027107201872134665,0.00023447289244684364,4056.763350927461,8074.606644367102
0.5377815520803989,4.7590221251926963e-07,-1.3434600856659685e-06,0.00011796253667793182,9.957145484783947e-05,0.00027778054593189245,0.00023447285778858647,4056.763350927461,8074.606644367102
0.5403546695544678,5.225428475473044e-07,-1.3521124034793911e-06,0.00012096553756442603,9.957144094677837e-05,0.0002848520726146547,0.00023447282505408915,4056.763350927461,8074.606644367102
0.5429277870285367,5.691834825753397e-07,-1.360764721292816e-06,0.00012411150107927268,9.957142786266313e-05,0.0002922602505603516,0.00023447279424335232,4056.763350927461,8074.606644367102
0.5455009045026056,6.158241176033727e-07,-1.3694170391062377e-06,0.00012738983603565688,9.957141559549413e-05,0.0002999801394299708,0.00023447276535637688,4056.763350927461,8074.606644367102
0.5480740219766744,6.624647526314084e-07,-1.3780693569196611e-06,0.0001307905889327452,9.95714041452716e-05,0.0003079883005202314,0.00023447273839316332,4056.763350927461,8074.606644367102
0.5506471394507434,7.091053876594439e-07,-1.3867216747330853e-06,0.00013430446077736477,9.95713935119959e-05,0.0003162628363756115,0.00023447271335371255,4056.763350927461,8074.606644367102
0.5532202569248122,7.557460226874789e-07,-1.3953739925465079e-06,0.0001379228060154106,9.95713836956672e-05,0.00032478338827200405,0.00023447269023802497,4056.763350927461,8074.606644367102
0.5557933743988812,8.023866577155173e-07,-1.404026310359932e-06,0.00014163761808492844,9.957137469628581e-05,0.0003335311021968276,0.0002344726690461013,4056.763350927461,8074.606644367102
0.5583664918729501,8.490272927435483e-07,-1.4126786281733544e-06,0.00014544150541547968,9.957136651385194e-05,0.0003424885723318489,0.00023447264977794198,4056.763350927461,8074.606644367102
0.5609396093470189,8.956679277715848e-07,-1.4213309459867777e-06,0.0001493276610056272,9.957135914836579e-05,0.0003516397694136374,0.00023447263243354756,4056.763350927461,8074.606644367102
0.5635127268210878,9.423085627996186e-07,-1.429983263800201e-06,0.00015328982806580332,9.95713525998275e-05,0.00036096995982870143,0.00023447261701291832,4056.763350927461,8074.606644367102
0.5660858442951567,9.889491978276537e-07,-1.438635581613625e-06,0.00015732226364573198,9.957134686823733e-05,0.00037046561996261347,0.0002344726035160549,4056.763350927461,8074.606644367102
0.5686589617692256,1.035589832855689e-06,-1.4472878994270483e-06,0.00016141970168455998,9.957134195359527e-05,0.0003801143491897179,0.00023447259194295727,4056.763350927461,8074.606644367102
0.5712320792432946,1.082230467883726e-06,-1.4559402172404724e-06,0.00016557731652732226,9.957133785590158e-05,0.00038990478396097274,0.00023447258229362602,4056.763350927461,8074.606644367102
0.5738051967173634,1.1288711029117576e-06,-1.4645925350538953e-06,0.0001697906876362402,9.95713345751563e-05,0.000399826514705407,0.0002344725745680613,4056.763350927461,8074.606644367102
0.5763783141914323,1.1755117379397931e-06,-1.4732448528673185e-06,0.0001740557659795476,9.957133211135953e-05,0.00040987000668185467,0.00023447256876626325,4056.763350927461,8074.606644367102
0.5789514316655012,1.2221523729678283e-06,-1.4818971706807418e-06,0.0001783688423929707,9.95713304645113e-05,0.0004200265254759336,0.00023447256488823206,4056.763350927461,8074.606644367102
0.5815245491395701,1.2687930079958634e-06,-1.4905494884941653e-06,0.00018272651806902927,9.957132963461167e-05,0.0004302880675076601,0.00023447256293396775,4056.763350927461,8074.606644367102
0.584097666613639,1.3154336430238983e-06,-1.4992018063075883e-06,0.00018712567722735363,9.957132962166068e-05,0.00044064729567496375,0.0002344725629034705,4056.763350927461,8074.606644367102
0.5866707840877079,1.3620742780519324e-06,-1.507854124121011e-06,0.0001915634619469529,9.957133042565831e-05,0.00045109748008820814,0.00023447256479674025,4056.763350927461,8074.606644367102
0.5892439015617768,1.4087149130799683e-06,-1.5165064419344357e-06,0.00019603724909197522,9.957133204660454e-05,0.0004616324437345085,0.00023447256861377691,4056.763350927461,8074.606644367102
0.5918170190358456,1.4553555481079996e-06,-1.5251587597478577e-06,0.00020054462923034901,9.957133448449934e-05,0.0004722465128349255,0.00023447257435458047,4056.763350927461,8074.606644367102
0.5943901365099146,1.50199618313604e-06,-1.5338110775612818e-06,0.00020508338742538076,9.957133773934262e-05,0.00048293447161213473,0.00023447258201915065,4056.763350927461,8074.606644367102
0.5969632539839834,1.5486368181640718e-06,-1.5424633953747053e-06,0.00020965148577041114,9.957134181113435e-05,0.0004936915211626849,0.00023447259160748745,4056.763350927461,8074.606644367102
0.5995363714580524,1.5952774531921082e-06,-1.5511157131881281e-06,0.00021424704753334327,9.957134669987439e-05,0.0005045132421202153,0.00023447260311959048,4056.763350927461,8074.606644367102
0.6021094889321212,1.6419180882201412e-06,-1.559768031001551e-06,0.00021886834277919188,9.957135240556262e-05,0.0005153955607991458,0.0002344726165554595,4056.763350927461,8074.606644367102
0.6046826064061901,1.6885587232481763e-06,-1.5684203488149753e-06,0.0002235137753432808,9.957135892819892e-05,0.000526334718518902,0.0002344726319150942,4056.763350927461,8074.606644367102
0.6072557238802591,1.735199358276212e-06,-1.5770726666283986e-06,0.00022818187103414885,9.957136626778314e-05,0.0005373272438238807,0.00023447264919849423,4056.763350927461,8074.606644367102
0.6098288413543279,1.7818399933042487e-06,-1.5857249844418214e-06,0.00023287126695284836,9.957137442431505e-05,0.0005483699273323206,0.00023447266840565908,4056.763350927461,8074.606644367102
0.6124019588283969,1.8284806283322844e-06,-1.5943773022552455e-06,0.00023758070182349874,9.957138339779448e-05,0.0005594597989664958,0.0002344726895365883,4056.763350927461,8074.606644367102
0.6149750763024657,1.8751212633603168e-06,-1.6030296200686684e-06,0.00024230900723829713,9.957139318822123e-05,0.0005705941073362914,0.00023447271259128147,4056.763350927461,8074.606644367102
0.6175481937765346,1.9217618983883524e-06,-1.611681937882092e-06,0.0002470550997284079,9.957140379559502e-05,0.0005817703010675752,0.00023447273756973792,4056.763350927461,8074.606644367102
0.6201213112506034,1.968402533416386e-06,-1.6203342556955145e-06,0.0002518179735800437,9.95714152199156e-05,0.000592986011885361,0.000234472764471957,4056.763350927461,8074.606644367102
0.6226944287246724,2.015043168444419e-06,-1.6289865735089377e-06,0.00025659669432252476,9.957142746118273e-05,0.0006042390392793605,0.00023447279329793822,4056.763350927461,8074.606644367102
0.6252675461987413,2.0616838034724562e-06,-1.6376388913223616e-06,0.0002613903928220704,9.957144051939603e-05,0.0006155273365959253,0.00023447282404768065,4056.763350927461,8074.606644367102
0.6278406636728102,2.1083244385004895e-06,-1.6462912091357847e-06,0.0002661982599215237,9.957145439455527e-05,0.0006268489984155627,0.00023447285672118374,4056.763350927461,8074.606644367102
0.6304137811468791,2.154965073528528e-06,-1.654943526949208e-06,0.00027101954157211474,9.957146908666e-05,0.0006382022490891145,0.0002344728913184465,4056.763350927461,8074.606644367102
0.6329868986209479,2.201605708556558e-06,-1.6635958447626301e-06,0.0002758535344087745,9.957148459570993e-05,0.0006495854323184169,0.00023447292783946813,4056.763350927461,8074.606644367102
0.6355600160950169,2.2482463435845976e-06,-1.6722481625760549e-06,0.0002806995817253889,9.957150092170472e-05,0.000660997001678749,0.00023447296628424793,4056.763350927461,8074.606644367102
0.6381331335690857,2.294886978612633e-06,-1.680900480389478e-06,0.00028555706981082615,9.957151806464388e-05,0.0006724355119908356,0.00023447300665278468,4056.763350927461,8074.606644367102
0.6407062510431547,2.341527613640671e-06,-1.6895527982029014e-06,0.0002904254246105591,9.957153602452701e-05,0.0006838996114595694,0.0002344730489450775,4056.763350927461,8074.606644367102
0.6432793685172236,2.3881682486687015e-06,-1.6982051160163247e-06,0.0002953041086822929,9.957155480135369e-05,0.0006953880345050614,0.00023447309316112534,4056.763350927461,8074.606644367102
